n,mod30_residue,inside_mod30_gate,F_group_A_r1_7,F_group_B_r11_13,F_group_C_r17_19,F_group_D_r23_29
1,1,True,1,0,0,0
2,2,False,0,0,0,0
3,3,False,0,0,0,0
4,4,False,0,0,0,0
5,5,False,0,0,0,0
6,6,False,0,0,0,0
7,7,True,1,0,0,0
8,8,False,0,0,0,0
9,9,False,0,0,0,0
10,10,False,0,0,0,0
11,11,True,0,1,0,0
12,12,False,0,0,0,0
13,13,True,0,1,0,0
14,14,False,0,0,0,0
15,15,False,0,0,0,0
16,16,False,0,0,0,0
17,17,True,0,0,1,0
18,18,False,0,0,0,0
19,19,True,0,0,1,0
20,20,False,0,0,0,0
21,21,False,0,0,0,0
22,22,False,0,0,0,0
23,23,True,0,0,0,1
24,24,False,0,0,0,0
25,25,False,0,0,0,0
26,26,False,0,0,0,0
27,27,False,0,0,0,0
28,28,False,0,0,0,0
29,29,True,0,0,0,1
30,0,False,0,0,0,0
31,1,True,1,0,0,0
32,2,False,0,0,0,0
33,3,False,0,0,0,0
34,4,False,0,0,0,0
35,5,False,0,0,0,0
36,6,False,0,0,0,0
37,7,True,1,0,0,0
38,8,False,0,0,0,0
39,9,False,0,0,0,0
40,10,False,0,0,0,0
41,11,True,0,1,0,0
42,12,False,0,0,0,0
43,13,True,0,1,0,0
44,14,False,0,0,0,0
45,15,False,0,0,0,0
46,16,False,0,0,0,0
47,17,True,0,0,1,0
48,18,False,0,0,0,0
49,19,True,0,0,1,0
50,20,False,0,0,0,0
51,21,False,0,0,0,0
52,22,False,0,0,0,0
53,23,True,0,0,0,1
54,24,False,0,0,0,0
55,25,False,0,0,0,0
56,26,False,0,0,0,0
57,27,False,0,0,0,0
58,28,False,0,0,0,0
59,29,True,0,0,0,1
60,0,False,0,0,0,0
61,1,True,1,0,0,0
62,2,False,0,0,0,0
63,3,False,0,0,0,0
64,4,False,0,0,0,0
65,5,False,0,0,0,0
66,6,False,0,0,0,0
67,7,True,1,0,0,0
68,8,False,0,0,0,0
69,9,False,0,0,0,0
70,10,False,0,0,0,0
71,11,True,0,1,0,0
72,12,False,0,0,0,0
73,13,True,0,1,0,0
74,14,False,0,0,0,0
75,15,False,0,0,0,0
76,16,False,0,0,0,0
77,17,True,0,0,1,0
78,18,False,0,0,0,0
79,19,True,0,0,1,0
80,20,False,0,0,0,0
81,21,False,0,0,0,0
82,22,False,0,0,0,0
83,23,True,0,0,0,1
84,24,False,0,0,0,0
85,25,False,0,0,0,0
86,26,False,0,0,0,0
87,27,False,0,0,0,0
88,28,False,0,0,0,0
89,29,True,0,0,0,1
90,0,False,0,0,0,0
91,1,True,1,0,0,0
92,2,False,0,0,0,0
93,3,False,0,0,0,0
94,4,False,0,0,0,0
95,5,False,0,0,0,0
96,6,False,0,0,0,0
97,7,True,1,0,0,0
98,8,False,0,0,0,0
99,9,False,0,0,0,0
100,10,False,0,0,0,0
101,11,True,0,1,0,0
102,12,False,0,0,0,0
103,13,True,0,1,0,0
104,14,False,0,0,0,0
105,15,False,0,0,0,0
106,16,False,0,0,0,0
107,17,True,0,0,1,0
108,18,False,0,0,0,0
109,19,True,0,0,1,0
110,20,False,0,0,0,0
111,21,False,0,0,0,0
112,22,False,0,0,0,0
113,23,True,0,0,0,1
114,24,False,0,0,0,0
115,25,False,0,0,0,0
116,26,False,0,0,0,0
117,27,False,0,0,0,0
118,28,False,0,0,0,0
119,29,True,0,0,0,1
120,0,False,0,0,0,0
121,1,True,1,0,0,0
122,2,False,0,0,0,0
123,3,False,0,0,0,0
124,4,False,0,0,0,0
125,5,False,0,0,0,0
126,6,False,0,0,0,0
127,7,True,1,0,0,0
128,8,False,0,0,0,0
129,9,False,0,0,0,0
130,10,False,0,0,0,0
131,11,True,0,1,0,0
132,12,False,0,0,0,0
133,13,True,0,1,0,0
134,14,False,0,0,0,0
135,15,False,0,0,0,0
136,16,False,0,0,0,0
137,17,True,0,0,1,0
138,18,False,0,0,0,0
139,19,True,0,0,1,0
140,20,False,0,0,0,0
141,21,False,0,0,0,0
142,22,False,0,0,0,0
143,23,True,0,0,0,1
144,24,False,0,0,0,0
145,25,False,0,0,0,0
146,26,False,0,0,0,0
147,27,False,0,0,0,0
148,28,False,0,0,0,0
149,29,True,0,0,0,1
150,0,False,0,0,0,0
151,1,True,1,0,0,0
152,2,False,0,0,0,0
153,3,False,0,0,0,0
154,4,False,0,0,0,0
155,5,False,0,0,0,0
156,6,False,0,0,0,0
157,7,True,1,0,0,0
158,8,False,0,0,0,0
159,9,False,0,0,0,0
160,10,False,0,0,0,0
161,11,True,0,1,0,0
162,12,False,0,0,0,0
163,13,True,0,1,0,0
164,14,False,0,0,0,0
165,15,False,0,0,0,0
166,16,False,0,0,0,0
167,17,True,0,0,1,0
168,18,False,0,0,0,0
169,19,True,0,0,1,0
170,20,False,0,0,0,0
171,21,False,0,0,0,0
172,22,False,0,0,0,0
173,23,True,0,0,0,1
174,24,False,0,0,0,0
175,25,False,0,0,0,0
176,26,False,0,0,0,0
177,27,False,0,0,0,0
178,28,False,0,0,0,0
179,29,True,0,0,0,1
180,0,False,0,0,0,0
181,1,True,1,0,0,0
182,2,False,0,0,0,0
183,3,False,0,0,0,0
184,4,False,0,0,0,0
185,5,False,0,0,0,0
186,6,False,0,0,0,0
187,7,True,1,0,0,0
188,8,False,0,0,0,0
189,9,False,0,0,0,0
190,10,False,0,0,0,0
191,11,True,0,1,0,0
192,12,False,0,0,0,0
193,13,True,0,1,0,0
194,14,False,0,0,0,0
195,15,False,0,0,0,0
196,16,False,0,0,0,0
197,17,True,0,0,1,0
198,18,False,0,0,0,0
199,19,True,0,0,1,0
200,20,False,0,0,0,0
201,21,False,0,0,0,0
202,22,False,0,0,0,0
203,23,True,0,0,0,1
204,24,False,0,0,0,0
205,25,False,0,0,0,0
206,26,False,0,0,0,0
207,27,False,0,0,0,0
208,28,False,0,0,0,0
209,29,True,0,0,0,1
210,0,False,0,0,0,0
211,1,True,1,0,0,0
212,2,False,0,0,0,0
213,3,False,0,0,0,0
214,4,False,0,0,0,0
215,5,False,0,0,0,0
216,6,False,0,0,0,0
217,7,True,1,0,0,0
218,8,False,0,0,0,0
219,9,False,0,0,0,0
220,10,False,0,0,0,0
221,11,True,0,1,0,0
222,12,False,0,0,0,0
223,13,True,0,1,0,0
224,14,False,0,0,0,0
225,15,False,0,0,0,0
226,16,False,0,0,0,0
227,17,True,0,0,1,0
228,18,False,0,0,0,0
229,19,True,0,0,1,0
230,20,False,0,0,0,0
231,21,False,0,0,0,0
232,22,False,0,0,0,0
233,23,True,0,0,0,1
234,24,False,0,0,0,0
235,25,False,0,0,0,0
236,26,False,0,0,0,0
237,27,False,0,0,0,0
238,28,False,0,0,0,0
239,29,True,0,0,0,1
240,0,False,0,0,0,0
241,1,True,1,0,0,0
242,2,False,0,0,0,0
243,3,False,0,0,0,0
244,4,False,0,0,0,0
245,5,False,0,0,0,0
246,6,False,0,0,0,0
247,7,True,1,0,0,0
248,8,False,0,0,0,0
249,9,False,0,0,0,0
250,10,False,0,0,0,0
251,11,True,0,1,0,0
252,12,False,0,0,0,0
253,13,True,0,1,0,0
254,14,False,0,0,0,0
255,15,False,0,0,0,0
256,16,False,0,0,0,0
257,17,True,0,0,1,0
258,18,False,0,0,0,0
259,19,True,0,0,1,0
260,20,False,0,0,0,0
261,21,False,0,0,0,0
262,22,False,0,0,0,0
263,23,True,0,0,0,1
264,24,False,0,0,0,0
265,25,False,0,0,0,0
266,26,False,0,0,0,0
267,27,False,0,0,0,0
268,28,False,0,0,0,0
269,29,True,0,0,0,1
270,0,False,0,0,0,0
271,1,True,1,0,0,0
272,2,False,0,0,0,0
273,3,False,0,0,0,0
274,4,False,0,0,0,0
275,5,False,0,0,0,0
276,6,False,0,0,0,0
277,7,True,1,0,0,0
278,8,False,0,0,0,0
279,9,False,0,0,0,0
280,10,False,0,0,0,0
281,11,True,0,1,0,0
282,12,False,0,0,0,0
283,13,True,0,1,0,0
284,14,False,0,0,0,0
285,15,False,0,0,0,0
286,16,False,0,0,0,0
287,17,True,0,0,1,0
288,18,False,0,0,0,0
289,19,True,0,0,1,0
290,20,False,0,0,0,0
291,21,False,0,0,0,0
292,22,False,0,0,0,0
293,23,True,0,0,0,1
294,24,False,0,0,0,0
295,25,False,0,0,0,0
296,26,False,0,0,0,0
297,27,False,0,0,0,0
298,28,False,0,0,0,0
299,29,True,0,0,0,1
300,0,False,0,0,0,0
